﻿<?xml version="1.0" encoding="utf-8"?>
<TextureAtlas imagePath="Poolparty Gf.png">
	<!-- Created with Adobe Animate version 21.0.1.37179 -->
	<!-- http://www.adobe.com/products/animate.html -->
	<SubTexture name="GF0000" x="0" y="0" width="368" height="507" frameX="-4" frameY="0" frameWidth="377" frameHeight="511"/>
	<SubTexture name="GF0001" x="0" y="0" width="368" height="507" frameX="-4" frameY="0" frameWidth="377" frameHeight="511"/>
	<SubTexture name="GF0002" x="368" y="0" width="371" height="508" frameX="0" frameY="-1" frameWidth="377" frameHeight="511"/>
	<SubTexture name="GF0003" x="368" y="0" width="371" height="508" frameX="0" frameY="-1" frameWidth="377" frameHeight="511"/>
	<SubTexture name="GF0004" x="739" y="0" width="371" height="507" frameX="0" frameY="-2" frameWidth="377" frameHeight="511"/>
	<SubTexture name="GF0005" x="739" y="0" width="371" height="507" frameX="0" frameY="-2" frameWidth="377" frameHeight="511"/>
	<SubTexture name="GF0006" x="1110" y="0" width="363" height="506" frameX="-14" frameY="0" frameWidth="377" frameHeight="511"/>
	<SubTexture name="GF0007" x="1110" y="0" width="363" height="506" frameX="-14" frameY="0" frameWidth="377" frameHeight="511"/>
	<SubTexture name="GF0008" x="1473" y="0" width="364" height="506" frameX="-12" frameY="0" frameWidth="377" frameHeight="511"/>
	<SubTexture name="GF0009" x="1473" y="0" width="364" height="506" frameX="-12" frameY="0" frameWidth="377" frameHeight="511"/>
	<SubTexture name="GF0010" x="0" y="508" width="364" height="506" frameX="-11" frameY="0" frameWidth="377" frameHeight="511"/>
	<SubTexture name="GF0011" x="0" y="508" width="364" height="506" frameX="-11" frameY="0" frameWidth="377" frameHeight="511"/>
	<SubTexture name="GF0012" x="364" y="508" width="365" height="506" frameX="-9" frameY="0" frameWidth="377" frameHeight="511"/>
	<SubTexture name="GF0013" x="364" y="508" width="365" height="506" frameX="-9" frameY="0" frameWidth="377" frameHeight="511"/>
	<SubTexture name="GF0014" x="729" y="508" width="365" height="506" frameX="-11" frameY="-1" frameWidth="377" frameHeight="511"/>
	<SubTexture name="GF0015" x="729" y="508" width="365" height="506" frameX="-11" frameY="-1" frameWidth="377" frameHeight="511"/>
	<SubTexture name="GF0016" x="1094" y="508" width="367" height="505" frameX="-8" frameY="-5" frameWidth="377" frameHeight="511"/>
	<SubTexture name="GF0017" x="1094" y="508" width="367" height="505" frameX="-8" frameY="-5" frameWidth="377" frameHeight="511"/>
	<SubTexture name="GF0018" x="1461" y="508" width="369" height="505" frameX="-6" frameY="-6" frameWidth="377" frameHeight="511"/>
	<SubTexture name="GF0019" x="1461" y="508" width="369" height="505" frameX="-6" frameY="-6" frameWidth="377" frameHeight="511"/>
	<SubTexture name="GF0020" x="0" y="1014" width="370" height="506" frameX="-4" frameY="-1" frameWidth="377" frameHeight="511"/>
	<SubTexture name="GF0021" x="0" y="1014" width="370" height="506" frameX="-4" frameY="-1" frameWidth="377" frameHeight="511"/>
	<SubTexture name="GF0022" x="370" y="1014" width="368" height="506" frameX="-6" frameY="0" frameWidth="377" frameHeight="511"/>
	<SubTexture name="GF0023" x="370" y="1014" width="368" height="506" frameX="-6" frameY="0" frameWidth="377" frameHeight="511"/>
	<SubTexture name="GF0024" x="738" y="1014" width="366" height="506" frameX="-8" frameY="0" frameWidth="377" frameHeight="511"/>
	<SubTexture name="GF0025" x="738" y="1014" width="366" height="506" frameX="-8" frameY="0" frameWidth="377" frameHeight="511"/>
	<SubTexture name="GF0026" x="364" y="508" width="365" height="506" frameX="-9" frameY="0" frameWidth="377" frameHeight="511"/>
	<SubTexture name="GF0027" x="364" y="508" width="365" height="506" frameX="-9" frameY="0" frameWidth="377" frameHeight="511"/>
</TextureAtlas>
