{
	"songs": [
		[
			"Cat walk",
			"robro",
			[
				26,
				33,
				255
			]
		],
		[
			"Furmidable",
			"robro",
			[
				26,
				33,
				255
			]
		],
		[
			"scratch",
			"robro",
			[
				26,
				33,
				255
			]
		]
	],
	"hiddenUntilUnlocked": false,
	"hideFreeplay": false,
	"weekBackground": "robro",
	"difficulties": "",
	"weekCharacters": [
		"",
		"",
		""
	],
	"storyName": "VS Robro",
	"weekName": "Robro Week",
	"freeplayColor": [
		146,
		113,
		253
	],
	"hideStoryMode": false,
	"weekBefore": "tutorial",
	"startUnlocked": true
}