﻿<?xml version="1.0" encoding="utf-8"?>
<TextureAtlas imagePath="NOTE_assets.png">
	<!-- Created with Adobe Animate version 21.0.2.37893 -->
	<!-- http://www.adobe.com/products/animate.html -->
	<SubTexture name="arrowDOWN0000" x="0" y="0" width="157" height="154"/>
	<SubTexture name="arrowLEFT0000" x="167" y="0" width="154" height="156"/>
	<SubTexture name="arrowRIGHT0000" x="331" y="0" width="154" height="157"/>
	<SubTexture name="arrowUP0000" x="495" y="0" width="157" height="154"/>
	<SubTexture name="blue0000" x="662" y="0" width="157" height="154"/>
	<SubTexture name="blue hold end0000" x="829" y="0" width="50" height="64"/>
	<SubTexture name="blue hold piece0000" x="889" y="0" width="50" height="44"/>
	<SubTexture name="down confirm0000" x="949" y="0" width="238" height="235"/>
	<SubTexture name="down confirm0001" x="1197" y="0" width="238" height="235"/>
	<SubTexture name="down confirm0002" x="1445" y="0" width="220" height="217" frameX="-6" frameY="-12" frameWidth="238" frameHeight="235"/>
	<SubTexture name="down confirm0003" x="1445" y="0" width="220" height="217" frameX="-6" frameY="-12" frameWidth="238" frameHeight="235"/>
	<SubTexture name="down press0000" x="1675" y="0" width="142" height="140" frameX="-4" frameY="-2" frameWidth="149" frameHeight="146"/>
	<SubTexture name="down press0001" x="1675" y="0" width="142" height="140" frameX="-4" frameY="-2" frameWidth="149" frameHeight="146"/>
	<SubTexture name="down press0002" x="1827" y="0" width="149" height="146"/>
	<SubTexture name="down press0003" x="1827" y="0" width="149" height="146"/>
	<SubTexture name="green0000" x="0" y="245" width="157" height="154"/>
	<SubTexture name="green hold end0000" x="167" y="245" width="50" height="64"/>
	<SubTexture name="green hold piece0000" x="227" y="245" width="50" height="44"/>
	<SubTexture name="left confirm0000" x="287" y="245" width="228" height="231"/>
	<SubTexture name="left confirm0001" x="525" y="245" width="218" height="221" frameX="-5" frameY="-5" frameWidth="228" frameHeight="231"/>
	<SubTexture name="left confirm0002" x="753" y="245" width="225" height="228" frameX="-2" frameY="-1" frameWidth="228" frameHeight="231"/>
	<SubTexture name="left confirm0003" x="753" y="245" width="225" height="228" frameX="-2" frameY="-1" frameWidth="228" frameHeight="231"/>
	<SubTexture name="left press0000" x="988" y="245" width="140" height="142" frameX="-3" frameY="-3" frameWidth="146" frameHeight="149"/>
	<SubTexture name="left press0001" x="988" y="245" width="140" height="142" frameX="-3" frameY="-3" frameWidth="146" frameHeight="149"/>
	<SubTexture name="left press0002" x="1138" y="245" width="146" height="149"/>
	<SubTexture name="left press0003" x="1138" y="245" width="146" height="149"/>
	<SubTexture name="left press0004" x="1138" y="245" width="146" height="149"/>
	<SubTexture name="left press0005" x="1138" y="245" width="146" height="149"/>
	<SubTexture name="left press0006" x="1138" y="245" width="146" height="149"/>
	<SubTexture name="left press0007" x="1138" y="245" width="146" height="149"/>
	<SubTexture name="left press0008" x="1138" y="245" width="146" height="149"/>
	<SubTexture name="left press0009" x="1138" y="245" width="146" height="149"/>
	<SubTexture name="left press0010" x="1138" y="245" width="146" height="149"/>
	<SubTexture name="left press0011" x="1138" y="245" width="146" height="149"/>
	<SubTexture name="left press0012" x="1138" y="245" width="146" height="149"/>
	<SubTexture name="left press0013" x="1138" y="245" width="146" height="149"/>
	<SubTexture name="left press0014" x="1138" y="245" width="146" height="149"/>
	<SubTexture name="left press0015" x="1138" y="245" width="146" height="149"/>
	<SubTexture name="left press0016" x="1138" y="245" width="146" height="149"/>
	<SubTexture name="left press0017" x="1138" y="245" width="146" height="149"/>
	<SubTexture name="left press0018" x="1138" y="245" width="146" height="149"/>
	<SubTexture name="left press0019" x="1138" y="245" width="146" height="149"/>
	<SubTexture name="pruple end hold0000" x="1294" y="245" width="50" height="64"/>
	<SubTexture name="purple0000" x="1354" y="245" width="154" height="157"/>
	<SubTexture name="purple hold piece0000" x="1518" y="245" width="50" height="44"/>
	<SubTexture name="red0000" x="1578" y="245" width="154" height="157"/>
	<SubTexture name="red hold end0000" x="1742" y="245" width="50" height="64"/>
	<SubTexture name="red hold piece0000" x="1802" y="245" width="50" height="44"/>
	<SubTexture name="right confirm0000" x="0" y="486" width="223" height="226" frameX="-1" frameY="-3" frameWidth="226" frameHeight="230"/>
	<SubTexture name="right confirm0001" x="233" y="486" width="223" height="226" frameX="-1" frameY="-3" frameWidth="226" frameHeight="230"/>
	<SubTexture name="right confirm0002" x="466" y="486" width="226" height="230"/>
	<SubTexture name="right confirm0003" x="466" y="486" width="226" height="230"/>
	<SubTexture name="right press0000" x="702" y="486" width="138" height="141" frameX="-3" frameY="-7" frameWidth="148" frameHeight="151"/>
	<SubTexture name="right press0001" x="702" y="486" width="138" height="141" frameX="-3" frameY="-7" frameWidth="148" frameHeight="151"/>
	<SubTexture name="right press0002" x="850" y="486" width="148" height="151"/>
	<SubTexture name="right press0003" x="850" y="486" width="148" height="151"/>
	<SubTexture name="right press0004" x="850" y="486" width="148" height="151"/>
	<SubTexture name="right press0005" x="850" y="486" width="148" height="151"/>
	<SubTexture name="right press0006" x="850" y="486" width="148" height="151"/>
	<SubTexture name="right press0007" x="850" y="486" width="148" height="151"/>
	<SubTexture name="right press0008" x="850" y="486" width="148" height="151"/>
	<SubTexture name="right press0009" x="850" y="486" width="148" height="151"/>
	<SubTexture name="right press0010" x="850" y="486" width="148" height="151"/>
	<SubTexture name="right press0011" x="850" y="486" width="148" height="151"/>
	<SubTexture name="right press0012" x="850" y="486" width="148" height="151"/>
	<SubTexture name="right press0013" x="850" y="486" width="148" height="151"/>
	<SubTexture name="right press0014" x="850" y="486" width="148" height="151"/>
	<SubTexture name="right press0015" x="850" y="486" width="148" height="151"/>
	<SubTexture name="right press0016" x="850" y="486" width="148" height="151"/>
	<SubTexture name="right press0017" x="850" y="486" width="148" height="151"/>
	<SubTexture name="right press0018" x="850" y="486" width="148" height="151"/>
	<SubTexture name="right press0019" x="850" y="486" width="148" height="151"/>
	<SubTexture name="right press0020" x="850" y="486" width="148" height="151"/>
	<SubTexture name="right press0021" x="850" y="486" width="148" height="151"/>
	<SubTexture name="right press0022" x="850" y="486" width="148" height="151"/>
	<SubTexture name="right press0023" x="850" y="486" width="148" height="151"/>
	<SubTexture name="right press0024" x="850" y="486" width="148" height="151"/>
	<SubTexture name="right press0025" x="850" y="486" width="148" height="151"/>
	<SubTexture name="right press0026" x="850" y="486" width="148" height="151"/>
	<SubTexture name="up confirm0000" x="1008" y="486" width="236" height="232"/>
	<SubTexture name="up confirm0001" x="1254" y="486" width="236" height="232"/>
	<SubTexture name="up confirm0002" x="1500" y="486" width="214" height="211" frameX="-11" frameY="-10" frameWidth="236" frameHeight="232"/>
	<SubTexture name="up confirm0003" x="1500" y="486" width="214" height="211" frameX="-11" frameY="-10" frameWidth="236" frameHeight="232"/>
	<SubTexture name="up press0000" x="1724" y="486" width="144" height="141" frameX="-5" frameY="-4" frameWidth="153" frameHeight="150"/>
	<SubTexture name="up press0001" x="1724" y="486" width="144" height="141" frameX="-5" frameY="-4" frameWidth="153" frameHeight="150"/>
	<SubTexture name="up press0002" x="1878" y="486" width="153" height="150"/>
	<SubTexture name="up press0003" x="1878" y="486" width="153" height="150"/>
</TextureAtlas>
